{
  "classifier": {
    "data_path": "data\\active_inference\\policy_teacher.jsonl",
    "checkpoint_path": "checkpoints\\active_inference\\policy_selector.pt",
    "total_samples": 11182,
    "validation_samples": 2236,
    "class_distribution": {
      "answer": 7736,
      "ask_clarification": 1178,
      "retrieve": 926,
      "refuse": 690,
      "update_memory": 652
    },
    "accuracy": 0.9660107334525939,
    "balanced_accuracy": 0.9330201681556313,
    "per_class_recall": {
      "answer": 0.9909502262443439,
      "ask_clarification": 0.8898305084745762,
      "retrieve": 0.8594594594594595,
      "refuse": 0.9710144927536232,
      "update_memory": 0.9538461538461539
    },
    "per_class_precision": {
      "answer": 0.9858520900321543,
      "ask_clarification": 0.9417040358744395,
      "retrieve": 0.8736263736263736,
      "refuse": 1.0,
      "update_memory": 0.8732394366197183
    },
    "confusion_matrix": {
      "labels": [
        "answer",
        "ask_clarification",
        "retrieve",
        "refuse",
        "update_memory"
      ],
      "rows_true_cols_pred": [
        [
          1533,
          0,
          0,
          0,
          14
        ],
        [
          4,
          210,
          22,
          0,
          0
        ],
        [
          13,
          11,
          159,
          0,
          2
        ],
        [
          0,
          2,
          0,
          134,
          2
        ],
        [
          5,
          0,
          1,
          0,
          124
        ]
      ]
    }
  },
  "final_selector": {
    "validation_samples": 2236,
    "free_energy_calibration_path": "checkpoints\\active_inference\\free_energy_weights.json",
    "free_energy_calibration_loaded": true,
    "classifier_weight": 0.5,
    "base_formula_accuracy": 0.9467799642218246,
    "calibrated_formula_accuracy": 0.9463327370304114,
    "final_selector_accuracy": 0.9597495527728086,
    "base_formula_metrics": {
      "accuracy": 0.9467799642218246,
      "balanced_accuracy": 0.8891770041819893,
      "per_class_recall": {
        "answer": 0.9915966386554622,
        "ask_clarification": 0.8347457627118644,
        "retrieve": 0.6810810810810811,
        "refuse": 1.0,
        "update_memory": 0.9384615384615385
      },
      "per_class_precision": {
        "answer": 0.9858611825192802,
        "ask_clarification": 0.8312236286919831,
        "retrieve": 0.8344370860927153,
        "refuse": 0.9324324324324325,
        "update_memory": 0.8472222222222222
      },
      "confusion_matrix": {
        "labels": [
          "answer",
          "ask_clarification",
          "retrieve",
          "refuse",
          "update_memory"
        ],
        "rows_true_cols_pred": [
          [
            1534,
            1,
            0,
            0,
            12
          ],
          [
            2,
            197,
            25,
            2,
            10
          ],
          [
            15,
            39,
            126,
            5,
            0
          ],
          [
            0,
            0,
            0,
            138,
            0
          ],
          [
            5,
            0,
            0,
            3,
            122
          ]
        ]
      }
    },
    "calibrated_formula_metrics": {
      "accuracy": 0.9463327370304114,
      "balanced_accuracy": 0.8883295465548706,
      "per_class_recall": {
        "answer": 0.9915966386554622,
        "ask_clarification": 0.8305084745762712,
        "retrieve": 0.6810810810810811,
        "refuse": 1.0,
        "update_memory": 0.9384615384615385
      },
      "per_class_precision": {
        "answer": 0.9858611825192802,
        "ask_clarification": 0.8305084745762712,
        "retrieve": 0.8344370860927153,
        "refuse": 0.9324324324324325,
        "update_memory": 0.8413793103448276
      },
      "confusion_matrix": {
        "labels": [
          "answer",
          "ask_clarification",
          "retrieve",
          "refuse",
          "update_memory"
        ],
        "rows_true_cols_pred": [
          [
            1534,
            1,
            0,
            0,
            12
          ],
          [
            2,
            196,
            25,
            2,
            11
          ],
          [
            15,
            39,
            126,
            5,
            0
          ],
          [
            0,
            0,
            0,
            138,
            0
          ],
          [
            5,
            0,
            0,
            3,
            122
          ]
        ]
      }
    },
    "final_selector_metrics": {
      "accuracy": 0.9597495527728086,
      "balanced_accuracy": 0.9215421690747887,
      "per_class_recall": {
        "answer": 0.9915966386554622,
        "ask_clarification": 0.826271186440678,
        "retrieve": 0.8432432432432433,
        "refuse": 0.9927536231884058,
        "update_memory": 0.9538461538461539
      },
      "per_class_precision": {
        "answer": 0.9890393294648614,
        "ask_clarification": 0.9241706161137441,
        "retrieve": 0.8253968253968254,
        "refuse": 0.9513888888888888,
        "update_memory": 0.8794326241134752
      },
      "confusion_matrix": {
        "labels": [
          "answer",
          "ask_clarification",
          "retrieve",
          "refuse",
          "update_memory"
        ],
        "rows_true_cols_pred": [
          [
            1534,
            0,
            1,
            0,
            12
          ],
          [
            3,
            195,
            31,
            2,
            5
          ],
          [
            10,
            15,
            156,
            4,
            0
          ],
          [
            0,
            1,
            0,
            137,
            0
          ],
          [
            4,
            0,
            1,
            1,
            124
          ]
        ]
      }
    },
    "base_formula_prediction_distribution": {
      "update_memory": 144,
      "answer": 1556,
      "refuse": 148,
      "ask_clarification": 237,
      "retrieve": 151
    },
    "calibrated_formula_prediction_distribution": {
      "update_memory": 145,
      "answer": 1556,
      "refuse": 148,
      "ask_clarification": 236,
      "retrieve": 151
    },
    "final_prediction_distribution": {
      "update_memory": 141,
      "answer": 1551,
      "refuse": 144,
      "ask_clarification": 211,
      "retrieve": 189
    }
  },
  "scenarios": {
    "passed": 6,
    "total": 6,
    "formula_passed": 6,
    "base_formula_passed": 6,
    "rows": [
      {
        "prompt": "你好",
        "expected": "answer",
        "selected": "answer",
        "formula_selected": "answer",
        "base_formula_selected": "answer",
        "passed": true,
        "formula_passed": true,
        "base_formula_passed": true,
        "surprise": 0.0531,
        "prediction_error": {
          "semantic_error": 0.05,
          "intent_error": 0.15,
          "consistency_error": 0.0,
          "uncertainty_error": 0.1,
          "safety_error": 0.0
        },
        "formula_ranked_scores": [
          {
            "action": "answer",
            "total": -0.0338,
            "risk": 0.0,
            "ambiguity": 0.15,
            "epistemic_value": 0.25,
            "action_cost": 0.1
          },
          {
            "action": "ask_clarification",
            "total": 0.1599,
            "risk": 0.0,
            "ambiguity": 0.1,
            "epistemic_value": 0.1725,
            "action_cost": 0.2
          },
          {
            "action": "retrieve",
            "total": 0.7249,
            "risk": 0.0,
            "ambiguity": 0.55,
            "epistemic_value": 0.05,
            "action_cost": 0.25
          },
          {
            "action": "update_memory",
            "total": 0.9854,
            "risk": 0.0,
            "ambiguity": 0.1,
            "epistemic_value": 0.05,